{
    "s1_duration_sec": {
        "min": 0.0135,
        "max": 1.246,
        "mean": 0.11983845204634264
    },
    "s1_amplitude": {
        "min": 0.001743040017916,
        "max": 1.21900490701951,
        "mean": 0.29417162439124767
    },
    "s1_area": {
        "min": 9.10561168441653e-05,
        "max": 0.103341844385693,
        "mean": 0.02037903268468459
    },
    "s2_duration_sec": {
        "min": 0.0045,
        "max": 1.2425,
        "mean": 0.11975894060921827
    },
    "s2_amplitude": {
        "min": 0.001780736227463,
        "max": 1.20818585697068,
        "mean": 0.2849482099678509
    },
    "s2_area": {
        "min": 5.72434315582865e-05,
        "max": 0.102299103699945,
        "mean": 0.019608374949998616
    },
    "systole_duration_sec": {
        "min": 0.0035,
        "max": 30.2825,
        "mean": 0.35257662073535795
    },
    "diastole_duration_sec": {
        "min": 0.0,
        "max": 14.8565,
        "mean": 0.3771883869198601
    }
}